"id";"name_subject";"short_name";"season";"media_img";"archiv_subject"
1;МИР;Мир;Весна;https://221203.selcdn.ru/sitekreativikfoto/iblock/aea/aeaea551cc0128000195f8fcf156e020/fd97735f03008efebdfdd42e7ca51f72.jpg;0
2;Загадай мечту, малыш!;Мечта;Зима;https://221203.selcdn.ru/sitekreativikfoto/iblock/290/29057c7690f76808c5eb764f7ad03a5e.jpg;0
3;Солнечные зайчики;Зайчики;Весна;https://221203.selcdn.ru/sitekreativikfoto/iblock/756/756d74c52dffd11105692af6b712c563.jpg;0
4;Верю в тебя!;Верю в тебя;Всесезон;https://221203.selcdn.ru/sitekreativikfoto/iblock/4a6/4a6b8296a1c68ad8fd23c90441690d82.jpg;0
5;Северные звёздочки;Звездочки;Зима;https://221203.selcdn.ru/sitekreativikfoto/iblock/92a/92a0ef047463671e2a474b0417e7fa9f.jpg;0
6;Прованс;Прованс;Всесезон;https://221203.selcdn.ru/sitekreativikfoto/iblock/081/081626aa851db3c029fd8ef3dc6bdfba.jpg;0
7;Осенние забавы;Забавы;Осень;https://221203.selcdn.ru/sitekreativikfoto/iblock/dbe/dbe50b54790925ed8c8e774b7d0f3627.jpg;0
8;Лондон;Лондон;Всесезон;https://221203.selcdn.ru/sitekreativikfoto/iblock/7f7/7f741a425b7a16d83be530ff0b937920.jpg;0
9;Ретро Машинка;Машинка;Всесезон;https://221203.selcdn.ru/sitekreativikfoto/iblock/ae3/ae3382475fca90c3a7434bdb08e58a4a.jpg;0
10;Морозко;Морозко;Зима;https://221203.selcdn.ru/sitekreativikfoto/iblock/57e/57e70191751939ad4b2058dcdba6f7ab.jpg;0
11;Космос;Космос;Всесезон;https://221203.selcdn.ru/sitekreativikfoto/iblock/1cf/1cfb98afd09e40adedd455282d5f3e47.jpg;0
12;Дракоша;Дракоша;Всесезон;https://221203.selcdn.ru/sitekreativikfoto/iblock/eef/eef89328f0c30a524de1b8f145925bb0.jpg;0
13;Чикаго;Чикаго;Всесезон;https://221203.selcdn.ru/sitekreativikfoto/iblock/52e/52ec4f1665fe1379bb1e41665f530977.jpg;0
14;Кораблик;Кораблик;Всесезон;https://221203.selcdn.ru/sitekreativikfoto/iblock/ce4/ce4e9f75c4c8acdb64304faa064a909a.jpg;0
15;Я люблю тебя, школа!;Школа;Всесезон;https://221203.selcdn.ru/sitekreativikfoto/iblock/ebe/ebec1a365dc4fdf8084008a124f1aae0/f7a73943242f0712efffb54b7a03dff9.jpg;0
16;Золотой компас;Компас;Зима;https://221203.selcdn.ru/sitekreativikfoto/iblock/bd5/bd519d8bca7e60b79e51ea0dada40000/faa2b0c8c32167337569bd6210b3db95.jpg;0
17;Стильная зима;Стильная зима;Зима;https://221203.selcdn.ru/sitekreativikfoto/iblock/52a/52a43b163276a6c543f9ae5592cce2a4/5208fd27bdb56f7f07a9b0e30430e73c.jpg;0
18;Солнышко, улыбнись!;Солнышко;Всесезон;https://221203.selcdn.ru/sitekreativikfoto/iblock/a86/a86c3accc0ee6d8445fab797653b10f5/2e56318a23b16314ca68b3ba620cedce.jpg;0
19;Выпускные альбомы (для детского сада);Альбом;Всесезон;;0
20;Выпускные альбомы (для школы);Альбом;Всесезон;;0
